,Mean,StdDev,5%,50%,95%,R_hat,ESS_bulk
sigma,0.581864,0.0105415,0.564888,0.58173,0.599394,1.0019,1661.09
