,Mean,StdDev,5%,50%,95%,R_hat,ESS_bulk
sigma,1.03962,0.0183697,1.00974,1.03968,1.07053,1.00174,1416.34
