,Mean,StdDev,5%,50%,95%,R_hat,ESS_bulk
w_direct,0.389997,0.0398548,0.330093,0.386779,0.462305,0.999813,1587.26
w_social,1.61045,0.12623,1.42142,1.60132,1.83462,0.999565,1628.13
sigma,0.572148,0.0100717,0.555206,0.572118,0.588926,1.00247,1877.22
