,Mean,StdDev,5%,50%,95%,R_hat,ESS_bulk
w_direct,1.00237,0.0850594,0.875515,0.996834,1.14966,1.00253,1384.49
w_social,1.00574,0.0857859,0.880142,0.998986,1.15544,1.00287,1387.49
sigma,0.582024,0.0104448,0.565499,0.581707,0.599588,1.00167,1720.36
