,Mean,StdDev,5%,50%,95%,R_hat,ESS_bulk
sigma,1.14853,0.0649114,1.04674,1.14522,1.26238,1.00192,1324.47
